,brandnm,goodsnm,4days,7days
0,BURBERRY,button basic pattern jacket,"39,000","49,000"
1,BURBERRY,belt basic pattern trench-coat khaki,"39,000","49,000"
2,DOLCE & GABBANA,button basic pattern jacket black,"39,000","49,000"
3,PRADA,ruffle basic pattern wool cardigan grey,"39,000","49,000"
4,DOLCE & GABBANA,pocket basic pattern slacks beige,"24,000","34,000"
5,MAX MARA,pintuck basic pattern wool slacks black,"24,000","34,000"
6,ISSEY MIYAKE,pleats graphics pattern cardigan,"39,000","49,000"
7,MAX MARA,button basic pattern jacket pink,"39,000","49,000"
8,VERSACE,stripe pattern tank-top yellow,"24,000","34,000"
9,VERSACE,ribbon basic pattern holter neck tank-top deeppink,"24,000","34,000"
10,MIU MIU,basic pattern top white,"24,000","34,000"
11,BURBERRY,pintuck check pattern wool slacks grey,"24,000","34,000"
12,BURBERRY,check skirt beige,"24,000","34,000"
13,ISSEY MIYAKE,pleats stripe pattern boat neck blouse brown,"24,000","34,000"
14,BURBERRY,flower pattern skirt grey,"24,000","34,000"
15,MIU MIU,pleats check pattern wool pleats-skirt,"24,000","34,000"
16,BALENCIAGA,button basic pattern skirt burgundy,"19,000","29,000"
17,BURBERRY,embroidery basic pattern wool sweater navy,"24,000","34,000"
18,JIL SANDER,banding basic pattern windbreaker brown,"39,000","49,000"
19,GIVENCHY,,"24,000","34,000"
20,ISSEY MIYAKE,basic pattern dress bluegreen,"39,000","49,000"
21,BURBERRY,belt basic pattern trench-coat beige,"39,000","49,000"
22,YVES SAINT LAURENT,tweed pattern linen skirt,"24,000","34,000"
23,YVES SAINT LAURENT,basic pattern skirt navy,"24,000","34,000"
24,FENDI,basic pattern jeans beige,"24,000","34,000"
25,ISSEY MIYAKE,pleats basic pattern flared-skirt purple,"24,000","34,000"
26,PRADA,gather basic pattern skirt black,"24,000","34,000"
27,ISSEY MIYAKE,basic pattern skirt burgundy,"24,000","34,000"
28,BURBERRY,pintuck check pattern wool jeans brown,"24,000","34,000"
29,ISSEY MIYAKE,pocket geometric pattern slacks,"24,000","34,000"
30,MAX MARA,pocket stripe pattern slacks black,"24,000","34,000"
31,YVES SAINT LAURENT,basic pattern wool sweater red,"24,000","34,000"
32,BURBERRY,button check pattern doublebreasted-jacket beige,"39,000","49,000"
33,YVES SAINT LAURENT,pocket basic pattern shirts pink,"24,000","34,000"
34,HUGO BOSS,button stripe pattern shirts yellow,"24,000","34,000"
35,BURBERRY,button basic pattern polo-shirts charcoal,"24,000","34,000"
36,BURBERRY,button basic pattern jacket,"39,000","49,000"
37,BURBERRY,belt basic pattern trench-coat khaki,"39,000","49,000"
38,DOLCE & GABBANA,button basic pattern jacket black,"39,000","49,000"
39,PRADA,ruffle basic pattern wool cardigan grey,"39,000","49,000"
40,DOLCE & GABBANA,pocket basic pattern slacks beige,"24,000","34,000"
41,MAX MARA,pintuck basic pattern wool slacks black,"24,000","34,000"
42,ISSEY MIYAKE,pleats graphics pattern cardigan,"39,000","49,000"
43,MAX MARA,button basic pattern jacket pink,"39,000","49,000"
44,VERSACE,stripe pattern tank-top yellow,"24,000","34,000"
45,VERSACE,ribbon basic pattern holter neck tank-top deeppink,"24,000","34,000"
46,MIU MIU,basic pattern top white,"24,000","34,000"
47,BURBERRY,pintuck check pattern wool slacks grey,"24,000","34,000"
48,BURBERRY,check skirt beige,"24,000","34,000"
49,ISSEY MIYAKE,pleats stripe pattern boat neck blouse brown,"24,000","34,000"
50,BURBERRY,flower pattern skirt grey,"24,000","34,000"
51,MIU MIU,pleats check pattern wool pleats-skirt,"24,000","34,000"
52,BALENCIAGA,button basic pattern skirt burgundy,"19,000","29,000"
53,BURBERRY,embroidery basic pattern wool sweater navy,"24,000","34,000"
54,JIL SANDER,banding basic pattern windbreaker brown,"39,000","49,000"
55,GIVENCHY,,"24,000","34,000"
56,ISSEY MIYAKE,basic pattern dress bluegreen,"39,000","49,000"
57,BURBERRY,belt basic pattern trench-coat beige,"39,000","49,000"
58,YVES SAINT LAURENT,tweed pattern linen skirt,"24,000","34,000"
59,YVES SAINT LAURENT,basic pattern skirt navy,"24,000","34,000"
60,FENDI,basic pattern jeans beige,"24,000","34,000"
61,ISSEY MIYAKE,pleats basic pattern flared-skirt purple,"24,000","34,000"
62,PRADA,gather basic pattern skirt black,"24,000","34,000"
63,ISSEY MIYAKE,basic pattern skirt burgundy,"24,000","34,000"
64,BURBERRY,pintuck check pattern wool jeans brown,"24,000","34,000"
65,ISSEY MIYAKE,pocket geometric pattern slacks,"24,000","34,000"
66,MAX MARA,pocket stripe pattern slacks black,"24,000","34,000"
67,YVES SAINT LAURENT,basic pattern wool sweater red,"24,000","34,000"
68,BURBERRY,button check pattern doublebreasted-jacket beige,"39,000","49,000"
69,YVES SAINT LAURENT,pocket basic pattern shirts pink,"24,000","34,000"
70,HUGO BOSS,button stripe pattern shirts yellow,"24,000","34,000"
71,BURBERRY,button basic pattern polo-shirts charcoal,"24,000","34,000"
72,BURBERRY,pocket basic pattern jacket navy,"24,000","34,000"
73,ISSEY MIYAKE,button stripe pattern bolero,"39,000","49,000"
74,CHLOE,basic pattern jacket black,"39,000","49,000"
75,BURBERRY,frill check pattern shirt-dress,"39,000","49,000"
76,ESCADA,button basic pattern skirt brown,"24,000","34,000"
77,HUGO BOSS,button graphics pattern shirts,"24,000","34,000"
78,HUGO BOSS,basic pattern H-Line wool dress grey,"39,000","49,000"
79,VALENTINO,basic pattern tank-top blue,"24,000","34,000"
80,ISSEY MIYAKE,button basic pattern jacket navy,"39,000","49,000"
81,BURBERRY,hoodie basic pattern wool cape brown,"39,000","49,000"
82,BURBERRY,button check pattern shirts,"24,000","34,000"
83,YVES SAINT LAURENT,button basic pattern blouse blue,"24,000","34,000"
84,MAX MARA,pocket basic pattern jeans olive,"24,000","34,000"
85,BURBERRY,pocket basic pattern zipup-jumper khaki,"39,000","49,000"
86,YVES SAINT LAURENT,basic pattern wool skirt purple,"24,000","34,000"
87,MAX MARA,ruffle check pattern skirt,"24,000","34,000"
88,HUGO BOSS,stripe pattern skirt,"24,000","34,000"
89,BURBERRY LONDON,button stripe pattern wrap-skirt,"19,000","29,000"
90,YVES SAINT LAURENT,button check pattern wool cardigan,"39,000","49,000"
91,AKRIS,ribbon basic pattern skirt black,"24,000","34,000"
92,ISSEY MIYAKE,pleats stripe pattern A-Line dress,"39,000","49,000"
93,ISSEY MIYAKE,pocket basic pattern jacket khaki,"39,000","49,000"
94,LOUIS VUITTON,strap basic pattern coat black,"39,000","49,000"
95,SORRY TOO MUCH LOVE,printing pattern sweat-shirts yellow,"19,000","29,000"
96,MAX MARA,basic pattern H-Line dress grey,"39,000","49,000"
97,ANNA SUI,lettering pattern sweater deeppink,"19,000","29,000"
98,BURBERRY,belt graphics pattern trench-coat beige,"39,000","49,000"
99,BURBERRY,button check pattern shirts,"24,000","34,000"
100,YVES SAINT LAURENT,basic pattern turtle neck wool turtleneck black,"24,000","34,000"
101,ISSEY MIYAKE,pleats zigzag pattern H-Line dress,"39,000","49,000"
102,CHLOE,button basic pattern cashmere cardigan brown,"39,000","49,000"
103,BURBERRY,embroidery lettering pattern wool sweater grey,"24,000","34,000"
104,ISSEY MIYAKE,basic pattern turtle neck top mint,"24,000","34,000"
105,MAX MARA,button basic pattern H-Line shirt-dress khaki,"39,000","49,000"
106,MAX MARA,basic pattern t-shirts black,"24,000","34,000"
107,BURBERRY,belt basic pattern coat beige,"39,000","49,000"
108,BURBERRY,slit check pattern skirt beige,"24,000","34,000"
109,PRADA,button basic pattern cardigan,"39,000","49,000"
110,BURBERRY,check pattern wool skirt,"24,000","34,000"
111,BURBERRY,button basic pattern wool cardigan grey,"39,000","49,000"
112,MIU MIU,flower pattern skirt,"24,000","34,000"
113,BURBERRY,check pattern t-shirts,"24,000","34,000"
114,BURBERRY,button check pattern wool singlebreasted-jacket,"39,000","49,000"
115,HUGO BOSS,pocket basic pattern slacks charcoal,"24,000","34,000"
116,GUCCI,button basic pattern jacket navy,"39,000","49,000"
117,GUCCI,button lettering pattern pants black,"24,000","34,000"
118,BURBERRY,button basic pattern wool singlebreasted-coat beige,"39,000","49,000"
119,ALEXANDER MCQUEEN,basic pattern sweater navy,"24,000","34,000"
120,GIVENCHY,button check pattern shirts navy,"24,000","34,000"
121,VERSACE,button basic pattern jumper charcoal,"34,000","44,000"
122,BURBERRY,button check pattern cardigan grey,"39,000","49,000"
123,JIL SANDER,button basic pattern singlebreasted-coat green,"39,000","49,000"
124,DOLCE & GABBANA,pocket basic pattern slacks red,"24,000","34,000"
125,BURBERRY,pocket check pattern skirt,"24,000","34,000"
126,ALEXANDER MCQUEEN,printing pattern t-shirts black,"24,000","34,000"
127,PRADA,high neck robe jumper gray,"34,000","44,000"
128,THOM BROWNE,basic pattern sweat-shirts grey,"24,000","34,000"
129,BURBERRY,pocket stripe pattern wool slacks beige,"24,000","34,000"
130,AKRIS,button basic pattern wool skirt charcoal,"24,000","34,000"
131,CHLOE,buckle basic pattern pants black,"24,000","34,000"
132,MAX MARA,dots pattern wrap-skirt black,"24,000","34,000"
133,BURBERRY,pocket basic pattern zipup-jumper red,"39,000","49,000"
134,BURBERRY,button basic pattern polo-shirts black,"24,000","34,000"
135,MAX MARA,animal print pattern skirt purple,"24,000","34,000"
136,MIU MIU,pocket basic pattern slacks brown,"24,000","34,000"
137,BURBERRY,button basic pattern polo-shirts deeppink,"24,000","34,000"
138,CELINE,hoodie color block pattern hoodie green,"24,000","34,000"
139,FENDI,ribbon basic pattern sweater khaki,"24,000","34,000"
140,BURBERRY,button basic pattern polo-shirts grey,"24,000","34,000"
141,BURBERRY,basic pattern top grey,"24,000","34,000"
142,YVES SAINT LAURENT,basic pattern wool sweater burgundy,"24,000","34,000"
143,MAX MARA,pocket basic pattern baggy-pants beige,"24,000","34,000"
144,ETRO,button paisley print pattern shirts,"24,000","34,000"
145,BURBERRY,belt basic pattern trench-coat beige,"39,000","49,000"
146,BURBERRY,pocket basic pattern trench-coat navy,"39,000","49,000"
147,BURBERRY,pocket basic pattern wool coat charcoal,"39,000","49,000"
148,MAX MARA,basic pattern wool skirt grey,"24,000","34,000"
149,BURBERRY,button stripe pattern polo-shirts,"24,000","34,000"
150,"CHRISTIAN DIOR,MAJE","check blouse multi,see through leather skirt","39,000","59,000"
151,CHANEL,tweed pattern skirt,"24,000","34,000"
152,BURBERRY,basic pattern turtle neck turtleneck burgundy,"24,000","34,000"
153,JIL SANDER,button basic pattern singlebreasted-coat navy,"39,000","49,000"
154,SAINT LAURENT,printing graphics pattern t-shirts white,"24,000","34,000"
155,BURBERRY,pocket basic pattern wool jacket navy,"39,000","49,000"
156,DOLCE & GABBANA,button basic pattern wool coat red,"39,000","49,000"
157,BURBERRY,button basic pattern wool polo-shirts lavender,"24,000","34,000"
158,BURBERRY,,"24,000","34,000"
159,BURBERRY,belt basic pattern trench-coat beige,"39,000","49,000"
160,BURBERRY,button basic pattern wool coat brown,"39,000","49,000"
161,"PETER PILOTTO,DOLCE & GABBANA","unbalance patterned knit ,semi washing jean","43,000","63,000"
162,BURBERRY,belt basic pattern trench-coat khaki,"39,000","49,000"
163,BURBERRY,pocket basic pattern trench-coat khaki,"39,000","49,000"
164,DOLCE & GABBANA,pocket basic pattern zipup-jumper black,"39,000","49,000"
165,MAX MARA,check pattern slacks brown,"24,000","34,000"
166,ESCADA,embroidery basic pattern wool skirt navy,"24,000","34,000"
167,YVES SAINT LAURENT,button basic pattern coat khaki,"39,000","49,000"
168,BURBERRY,belt basic pattern coat ivory,"39,000","49,000"
169,HUGO BOSS,basic pattern H-Line dress grey,"39,000","49,000"
170,ISSEY MIYAKE,pleats basic pattern A-Line dress blue,"39,000","49,000"
171,CELINE,pocket basic pattern wool slacks black,"24,000","34,000"
172,JIL SANDER,ruffle basic pattern blouse black,"24,000","34,000"
173,CHLOE,basic pattern wool skirt cream,"24,000","34,000"
174,MAX MARA,button basic pattern wool coat black,"39,000","49,000"
175,ALEXANDER MCQUEEN,pocket basic pattern cardigan black,"39,000","49,000"
176,MAX MARA,basic pattern skirt navy,"24,000","34,000"
177,BURBERRY,button basic pattern wool coat brown,"39,000","49,000"
178,ESCADA,slit basic pattern skirt beige,"24,000","34,000"
179,BURBERRY,stripe pattern t-shirts,"24,000","34,000"
180,MAX MARA,pocket basic pattern wool cape brown,"39,000","49,000"
181,BURBERRY,basic pattern sweater pink,"24,000","34,000"
182,CHLOE,pocket tweed pattern wool slacks charcoal,"24,000","34,000"
183,PRADA,button basic pattern coat black,"39,000","49,000"
184,BURBERRY,pocket basic pattern wool doublebreasted-coat,"39,000","49,000"
185,BURBERRY,pocket basic pattern trench-coat beige,"39,000","49,000"
186,CELINE,button basic pattern shirts burgundy,"24,000","34,000"
187,BURBERRY,pocket basic pattern zipup-jumper chocolate,"39,000","49,000"
188,CHRISTIAN DIOR,button basic pattern wool coat grey,"39,000","49,000"
189,RICK OWENS,strap basic pattern jacket navy,"34,000","44,000"
190,JIL SANDER,button basic pattern padding-outer black,"39,000","49,000"
191,BURBERRY,pocket basic pattern wool singlebreasted-coat navy,"39,000","49,000"
192,BURBERRY,button basic pattern tank-top black,"24,000","34,000"
193,BURBERRY,button check pattern shirts beige,"24,000","34,000"
194,BURBERRY,pocket basic pattern padding-outer navy,"39,000","49,000"
195,"CHRISTIAN DIOR,ZARA","simple sleeveless red,heart pattern pants","43,000","63,000"
196,ISSEY MIYAKE,stripe pattern A-Line dress,"39,000","49,000"
197,BURBERRY,pocket basic pattern wool singlebreasted-coat navy,"39,000","49,000"
198,SALVATORE FERRAGAMO,button basic pattern coat charcoal,"39,000","49,000"
199,PRADA,cable pattern wool zipup-jumper grey,"39,000","49,000"
200,MAX MARA,raglan sleeve long padding white,"34,000","44,000"
201,ETRO,pocket basic pattern slacks charcoal,"24,000","34,000"
202,AMENPAPA,pleats color block pattern pleats-skirt multi,"19,000","29,000"
203,VERSACE,button basic pattern H-Line dress black,"39,000","49,000"
204,FENDI,hoodie basic pattern padding-outer navy,"39,000","49,000"
205,BURBERRY,belt basic pattern trench-coat brown,"39,000","49,000"
206,CELINE,basic pattern skirt black,"24,000","34,000"
207,MAX MARA,basic pattern t-shirts beige,"24,000","34,000"
208,BURBERRY,belt basic pattern trench-coat khaki,"39,000","49,000"
209,"CAROLINA HERRERA,CAROLINA HERRERA","peplum dot pattern top,dot pattern slacks black","38,000","58,000"
210,AKRIS,pocket basic pattern slacks black,"24,000","34,000"
211,BURBERRY,basic pattern skirt khaki,"24,000","34,000"
212,GIVENCHY,gather basic pattern unbalance wrap-skirt black,"24,000","34,000"
213,GUCCI,stripe pattern pointed cardigan,"34,000","44,000"
214,ISSEY MIYAKE,graphics pattern top,"24,000","34,000"
215,MAX MARA,strap basic pattern padding-outer ivory,"39,000","49,000"
216,MAX MARA,pocket basic pattern wool cape brown,"39,000","49,000"
217,BURBERRY,basic pattern sweater pink,"24,000","34,000"
218,CHLOE,pocket tweed pattern wool slacks charcoal,"24,000","34,000"
219,PRADA,button basic pattern coat black,"39,000","49,000"
220,BURBERRY,pocket basic pattern wool doublebreasted-coat,"39,000","49,000"
221,BURBERRY,pocket basic pattern trench-coat beige,"39,000","49,000"
222,CELINE,button basic pattern shirts burgundy,"24,000","34,000"
223,BURBERRY,pocket basic pattern zipup-jumper chocolate,"39,000","49,000"
224,CHRISTIAN DIOR,button basic pattern wool coat grey,"39,000","49,000"
225,RICK OWENS,strap basic pattern jacket navy,"34,000","44,000"
226,JIL SANDER,button basic pattern padding-outer black,"39,000","49,000"
227,BURBERRY,pocket basic pattern wool singlebreasted-coat navy,"39,000","49,000"
228,BURBERRY,button basic pattern tank-top black,"24,000","34,000"
229,BURBERRY,button check pattern shirts beige,"24,000","34,000"
230,BURBERRY,pocket basic pattern padding-outer navy,"39,000","49,000"
231,"CHRISTIAN DIOR,ZARA","simple sleeveless red,heart pattern pants","43,000","63,000"
232,ISSEY MIYAKE,stripe pattern A-Line dress,"39,000","49,000"
233,BURBERRY,pocket basic pattern wool singlebreasted-coat navy,"39,000","49,000"
234,SALVATORE FERRAGAMO,button basic pattern coat charcoal,"39,000","49,000"
235,PRADA,cable pattern wool zipup-jumper grey,"39,000","49,000"
236,MAX MARA,raglan sleeve long padding white,"34,000","44,000"
237,ETRO,pocket basic pattern slacks charcoal,"24,000","34,000"
238,AMENPAPA,pleats color block pattern pleats-skirt multi,"19,000","29,000"
239,VERSACE,button basic pattern H-Line dress black,"39,000","49,000"
240,FENDI,hoodie basic pattern padding-outer navy,"39,000","49,000"
241,BURBERRY,belt basic pattern trench-coat brown,"39,000","49,000"
242,CELINE,basic pattern skirt black,"24,000","34,000"
243,MAX MARA,basic pattern t-shirts beige,"24,000","34,000"
244,BURBERRY,belt basic pattern trench-coat khaki,"39,000","49,000"
245,"CAROLINA HERRERA,CAROLINA HERRERA","peplum dot pattern top,dot pattern slacks black","38,000","58,000"
246,AKRIS,pocket basic pattern slacks black,"24,000","34,000"
247,BURBERRY,basic pattern skirt khaki,"24,000","34,000"
248,GIVENCHY,gather basic pattern unbalance wrap-skirt black,"24,000","34,000"
249,GUCCI,stripe pattern pointed cardigan,"34,000","44,000"
250,ISSEY MIYAKE,graphics pattern top,"24,000","34,000"
251,MAX MARA,strap basic pattern padding-outer ivory,"39,000","49,000"
252,GIVENCHY,pocket basic pattern wool singlebreasted-jacket grey,"39,000","49,000"
253,SALVATORE FERRAGAMO,button graphics pattern wool jacket black,"39,000","49,000"
254,ETRO,paisley print pattern coat ivory,"39,000","49,000"
255,GUCCI,basic pattern skirt black,"24,000","34,000"
256,BOTTEGA VENETA,button graphics pattern cashmere cardigan multi,"24,000","34,000"
257,"O'2ND,GUCCI","embroidery lace skirt charcoal,buckle shirt","39,000","59,000"
258,MAX MARA,button basic pattern jacket grey,"39,000","49,000"
259,BURBERRY,button check pattern wool jacket,"39,000","49,000"
260,"EL ESTILO DE CLAIRE,BALENCIAGA","lettering crew knit ,pumpkin mini skirt","34,000","54,000"
261,"DOLCE & GABBANA,EL ESTILO DE CLAIRE","chic slim skinny ,patterned crew knit","39,000","59,000"
262,HUGO BOSS,tie-dye pattern H-Line dress,"39,000","49,000"
263,JIL SANDER,printing pattern H-Line dress,"39,000","49,000"
264,BALMAIN,button basic pattern wool doublebreasted-jacket black,"39,000","49,000"
265,ISSEY MIYAKE,basic pattern H-Line dress beige,"39,000","49,000"
266,MAX MARA,basic pattern H-Line dress beige,"39,000","49,000"
267,THOM BROWNE,pocket graphics pattern sweat-pants grey,"24,000","34,000"
268,LANVIN,basic pattern H-Line dress navy,"34,000","44,000"
269,SORRY TOO MUCH LOVE,button basic pattern blouse violet,"29,000","39,000"
270,FENDI,basic pattern skirt,"24,000","34,000"
271,BALMAIN,strap basic pattern wool coat black,"39,000","49,000"
272,MIU MIU,pocket basic pattern jacket yellow,"39,000","49,000"
273,BURBERRY,basic pattern sweater skyblue,"24,000","34,000"
274,BURBERRY,button check pattern jacket,"39,000","49,000"
275,BURBERRY,button basic pattern sweater black,"24,000","34,000"
276,DOLCE & GABBANA,pocket basic pattern slacks black,"24,000","34,000"
277,LANVIN,belt basic pattern trench-coat black,"39,000","49,000"
278,SORRY TOO MUCH LOVE,button basic pattern shirts yellow,"29,000","39,000"
279,DOLCE & GABBANA,pocket check pattern singlebreasted-coat,"39,000","49,000"
280,BURBERRY,basic pattern wool sweater grey,"24,000","34,000"
281,BURBERRY,pocket basic pattern wool singlebreasted-jacket grey,"39,000","49,000"
282,SACAI,button basic pattern coat grey,"39,000","49,000"
283,BURBERRY,button basic pattern polo-shirts white,"24,000","34,000"
284,BURBERRY,button check pattern H-Line dress multi,"39,000","49,000"
285,BURBERRY,basic pattern wool sweater black,"24,000","34,000"
286,CHLOE,button basic pattern coat navy,"39,000","49,000"
287,BURBERRY,pocket basic pattern sweat-pants ivory,"24,000","34,000"
288,BURBERRY,button check pattern A-Line shirt-dress multi,"39,000","49,000"
289,BURBERRY,button basic pattern wool sweater grey,"24,000","34,000"
290,JIL SANDER,pocket basic pattern jacket black,"39,000","49,000"
291,HUGO BOSS,strap basic pattern cardigan,"39,000","49,000"
292,BURBERRY,belt basic pattern coat pink,"34,000","44,000"
293,MIU MIU,check pattern skirt grey,"24,000","34,000"
294,YVES SAINT LAURENT,button check pattern wool singlebreasted-jacket brown,"39,000","49,000"
295,BURBERRY,embroidery lettering pattern wool sweater grey,"24,000","34,000"
296,BURBERRY,belt basic pattern trench-coat navy,"39,000","49,000"
297,YVES SAINT LAURENT,pocket check pattern sweater blue,"19,000","29,000"
298,BURBERRY,pocket basic pattern slacks beige,"24,000","34,000"
299,PRADA,gradation color padding jumper,"34,000","44,000"
300,JIL SANDER,basic pattern cashmere sweater grey,"24,000","34,000"
301,BURBERRY,button basic pattern coat brown,"39,000","49,000"
302,BURBERRY,hoodie basic pattern coat navy,"39,000","49,000"
303,BURBERRY,button basic pattern sweat-shirts black,"24,000","34,000"
304,SALVATORE FERRAGAMO,button basic pattern padding-outer ivory,"39,000","49,000"
305,DOLCE & GABBANA,button basic pattern wool jacket charcoal,"39,000","49,000"
306,MAX MARA,button basic pattern wool doublebreasted-coat brown,"39,000","49,000"
307,GUCCI,pocket basic pattern top white,"24,000","34,000"
308,CHANEL,strap basic pattern top black,"24,000","34,000"
309,BURBERRY,belt basic pattern trench-coat red,"39,000","49,000"
310,CELINE,roll up basic pattern slacks black,"24,000","34,000"
311,LOUIS VUITTON,pocket basic pattern slacks burgundy,"24,000","34,000"
312,MAX MARA,pocket graphics pattern cardigan brown,"39,000","49,000"
313,MIU MIU,basic pattern skirt black,"24,000","34,000"
314,BURBERRY,belt basic pattern trench-coat beige,"39,000","49,000"
315,HUGO BOSS,pocket basic pattern shirts white,"19,000","29,000"
316,YVES SAINT LAURENT,button basic pattern coat black,"39,000","49,000"
317,PRADA,pocket basic pattern padding-outer orange,"39,000","49,000"
318,ISSEY MIYAKE,geometric pattern H-Line dress black,"39,000","49,000"
319,BURBERRY,basic pattern wool top black,"24,000","34,000"
320,BURBERRY,pocket basic pattern blouson khaki,"39,000","49,000"
321,GIVENCHY,basic pattern A-Line dress black,"39,000","49,000"
322,SORRY TOO MUCH LOVE,strap check pattern coat indigo,"29,000","39,000"
323,BURBERRY,pleats check pattern wool pleats-skirt,"24,000","34,000"
324,PRADA,hoodie Quilting pattern padding-outer black,"39,000","49,000"
325,BURBERRY,button basic pattern polo-shirts pink,"24,000","34,000"
326,JIL SANDER,shirring detail shirt dress white,"34,000","44,000"
327,PRADA,hood design wind breaker black,"39,000","49,000"
328,BURBERRY,flower pattern skirt,"24,000","34,000"
329,ALEXANDER MCQUEEN,ruffle geometric pattern knit-dress blue,"39,000","49,000"
330,BURBERRY,basic pattern t-shirts black,"24,000","34,000"
331,MIU MIU,leather detail jacket black,"34,000","44,000"
332,DOLCE & GABBANA,button dots pattern shirts,"24,000","34,000"
333,ISSEY MIYAKE,geometric pattern H-Line dress beige,"39,000","49,000"
334,BURBERRY,pocket basic pattern singlebreasted-jacket beige,"39,000","49,000"
335,MAX MARA,button basic pattern slacks black,"24,000","34,000"
336,MARNI,pocket basic pattern coat,"34,000","44,000"
337,HUGO BOSS,button basic pattern coat navy,"39,000","49,000"
338,BURBERRY,basic pattern skirt navy,"24,000","34,000"
339,JIL SANDER,strap basic pattern coat navy,"39,000","49,000"
340,BURBERRY,pocket basic pattern wool coat navy,"39,000","49,000"
341,BURBERRY,pintuck check pattern wool wide-pants brown,"24,000","34,000"
342,FENDI,geometric pattern H-Line dress brown,"39,000","49,000"
343,GIVENCHY,ribbon basic pattern H-Line dress black,"39,000","49,000"
344,BURBERRY,belt leopard print pattern coat black,"39,000","49,000"
345,MAX MARA,basic pattern skirt black,"24,000","34,000"
346,VALENTINO,pocket check pattern singlebreasted-jacket khaki,"39,000","49,000"
347,CELINE,button basic pattern coat brown,"39,000","49,000"
348,MAX MARA,basic pattern H-Line knit-dress,"39,000","49,000"
349,BURBERRY,button basic pattern jacket beige,"39,000","49,000"
350,SAINT LAURENT,button check pattern coat black,"39,000","49,000"
351,BURBERRY,belt check pattern trench-coat beige,"39,000","49,000"
352,MAX MARA,graphics pattern skirt brown,"24,000","34,000"
353,BURBERRY,check pattern skirt,"24,000","34,000"
354,HUGO BOSS,basic pattern t-shirts grey,"24,000","34,000"
355,GIVENCHY,belt graphics pattern coat,"39,000","49,000"
356,BURBERRY,pleats check pattern wool pleats-skirt,"24,000","34,000"
357,THOM BROWNE,roll up basic pattern slacks navy,"24,000","34,000"
358,"ZARA,FENDI","basic shirt,pattern skirt","39,000","59,000"
359,BURBERRY,button basic pattern tank-top black,"24,000","34,000"
360,BURBERRY,button check pattern H-Line dress black,"39,000","49,000"
361,YVES SAINT LAURENT,lettering pattern sweat-shirts white,"24,000","34,000"
362,ISSEY MIYAKE,stripe pattern jacket black,"39,000","49,000"
363,HERMES,graphics pattern cashmere sweater,"24,000","34,000"
364,BURBERRY,button basic pattern wool zipup-jumper navy,"39,000","49,000"
365,BURBERRY,button check pattern dress brown,"34,000","44,000"
366,BURBERRY,button check pattern shirts beige,"24,000","34,000"
367,GUCCI,brooch check pattern H-Line dress ivory,"39,000","49,000"
368,ISSEY MIYAKE,basic pattern t-shirts multi,"24,000","34,000"
369,"JIL SANDER,JAMES JEANS","printing tee black,zipper point coating jeans","39,000","59,000"
370,CHLOE,pocket basic pattern jacket gold,"39,000","49,000"
371,DOLCE & GABBANA,button basic pattern singlebreasted-jacket black,"39,000","49,000"
372,BURBERRY,button graphics pattern shirts pink,"24,000","34,000"
373,VALENTINO,pocket color block pattern zipup-jumper,"39,000","49,000"
374,"SONIA RYKIEL,ALEXANDER WANG","stripe ribbon kont cardigan brown,leather lace up short pants","38,000","58,000"
375,GUCCI,button check pattern singlebreasted-coat red,"39,000","49,000"
376,"DOLCE & GABBANA,GIANNI LO GIUDICE","turtle neck knit ,button point slacks black","39,000","59,000"
377,GUCCI,stripe pattern sweater,"24,000","34,000"
378,MAX MARA,pocket basic pattern slacks brown,"19,000","29,000"
379,"EL ESTILO DE CLAIRE,PRADA","ribbon fringe knit ,gored skirt","39,000","59,000"
380,"DIANE VON FURSTENBERG,CELINE","chic leather jeans black ,belt velvet jacket","43,000","63,000"
381,BURBERRY,button check pattern slacks grey,"24,000","34,000"
382,ALEXANDER MCQUEEN,pocket basic pattern jacket charcoal,"39,000","49,000"
383,"CHRISTIAN DIOR,CHRISTIAN DIOR","pin stripe vintage jacket,pin stripe skirt","38,000","58,000"
384,SAINT LAURENT,pocket basic pattern doublebreasted-coat black,"39,000","49,000"
385,CHRISTIAN DIOR,pleats basic pattern wool wide-pants charcoal,"24,000","34,000"
386,FENDI,stitch basic pattern tank top bra-top white,"24,000","34,000"
387,PRADA,button basic pattern wool jacket black,"39,000","49,000"
388,CHLOE,button pointed sweater cream,"19,000","29,000"
389,SACAI,basic pattern wool sweater black,"24,000","34,000"
390,BURBERRY,button check pattern shirts brown,"24,000","34,000"
391,DOLCE & GABBANA,pocket basic pattern jacket beige,"39,000","49,000"
392,GIVENCHY,pleats basic pattern pleats-skirt black,"24,000","34,000"
393,AKRIS,button basic pattern singlebreasted-coat red,"39,000","49,000"
394,SORRY TOO MUCH LOVE,button dots pattern A-Line dress navy,"34,000","44,000"
395,RENEEVON,geometric pattern A-Line dress,"29,000","39,000"
396,BURBERRY,button check pattern H-Line dress black,"39,000","49,000"
397,YVES SAINT LAURENT,lettering pattern sweat-shirts white,"24,000","34,000"
398,ISSEY MIYAKE,stripe pattern jacket black,"39,000","49,000"
399,HERMES,graphics pattern cashmere sweater,"24,000","34,000"
400,BURBERRY,button basic pattern wool zipup-jumper navy,"39,000","49,000"
401,BURBERRY,button check pattern dress brown,"34,000","44,000"
402,BURBERRY,button check pattern shirts beige,"24,000","34,000"
403,GUCCI,brooch check pattern H-Line dress ivory,"39,000","49,000"
404,ISSEY MIYAKE,basic pattern t-shirts multi,"24,000","34,000"
405,"JIL SANDER,JAMES JEANS","printing tee black,zipper point coating jeans","39,000","59,000"
406,CHLOE,pocket basic pattern jacket gold,"39,000","49,000"
407,DOLCE & GABBANA,button basic pattern singlebreasted-jacket black,"39,000","49,000"
408,BURBERRY,button graphics pattern shirts pink,"24,000","34,000"
409,VALENTINO,pocket color block pattern zipup-jumper,"39,000","49,000"
410,"SONIA RYKIEL,ALEXANDER WANG","stripe ribbon kont cardigan brown,leather lace up short pants","38,000","58,000"
411,GUCCI,button check pattern singlebreasted-coat red,"39,000","49,000"
412,"DOLCE & GABBANA,GIANNI LO GIUDICE","turtle neck knit ,button point slacks black","39,000","59,000"
413,GUCCI,stripe pattern sweater,"24,000","34,000"
414,MAX MARA,pocket basic pattern slacks brown,"19,000","29,000"
415,"EL ESTILO DE CLAIRE,PRADA","ribbon fringe knit ,gored skirt","39,000","59,000"
416,"DIANE VON FURSTENBERG,CELINE","chic leather jeans black ,belt velvet jacket","43,000","63,000"
417,BURBERRY,button check pattern slacks grey,"24,000","34,000"
418,ALEXANDER MCQUEEN,pocket basic pattern jacket charcoal,"39,000","49,000"
419,"CHRISTIAN DIOR,CHRISTIAN DIOR","pin stripe vintage jacket,pin stripe skirt","38,000","58,000"
420,SAINT LAURENT,pocket basic pattern doublebreasted-coat black,"39,000","49,000"
421,CHRISTIAN DIOR,pleats basic pattern wool wide-pants charcoal,"24,000","34,000"
422,FENDI,stitch basic pattern tank top bra-top white,"24,000","34,000"
423,PRADA,button basic pattern wool jacket black,"39,000","49,000"
424,CHLOE,button pointed sweater cream,"19,000","29,000"
425,SACAI,basic pattern wool sweater black,"24,000","34,000"
426,BURBERRY,button check pattern shirts brown,"24,000","34,000"
427,DOLCE & GABBANA,pocket basic pattern jacket beige,"39,000","49,000"
428,GIVENCHY,pleats basic pattern pleats-skirt black,"24,000","34,000"
429,AKRIS,button basic pattern singlebreasted-coat red,"39,000","49,000"
430,SORRY TOO MUCH LOVE,button dots pattern A-Line dress navy,"34,000","44,000"
431,RENEEVON,geometric pattern A-Line dress,"29,000","39,000"
432,CELINE,round hem line sweater gray_1,"19,000","29,000"
433,DOLCE & GABBANA,button stripe pattern jacket navy,"39,000","49,000"
434,BURBERRY,pocket check pattern cape,"39,000","49,000"
435,HUGO BOSS,button basic pattern coat charcoal,"39,000","49,000"
436,PRADA,pocket basic pattern zipup-jumper black,"39,000","49,000"
437,PRADA,pocket basic pattern windbreaker white,"39,000","49,000"
438,BURBERRY,basic pattern cashmere top mint,"24,000","34,000"
439,CELINE,drop shoulder boxy coat,"34,000","44,000"
440,GUCCI,embroidery basic pattern t-shirts black,"29,000","39,000"
441,CHRISTIAN DIOR,button check pattern A-Line shirt-dress black,"39,000","49,000"
442,ETRO,button paisley print pattern blouse multi,"19,000","29,000"
443,"BURBERRY,BURBERRY","button basic pattern jacket ivory,button basic pattern skirt ivory","48,000","68,000"
444,YVES SAINT LAURENT,check pattern wool sweater black,"19,000","29,000"
445,GUCCI,side shirring knit,"19,000","29,000"
446,MAISON MARGIELA,basic pattern t-shirts white,"19,000","29,000"
447,PRADA,pocket basic pattern jumper black,"39,000","49,000"
448,ETRO,basic pattern wool skirt black,"24,000","34,000"
449,ETRO,basic pattern top beige,"24,000","34,000"
450,MAX MARA,graphics pattern A-Line dress black,"34,000","44,000"
451,SORRY TOO MUCH LOVE,button basic pattern shirts white,"19,000","29,000"
452,DOLCE & GABBANA,pocket basic pattern pants navy,"24,000","34,000"
453,LOUIS VUITTON,lace basic pattern t-shirts black,"24,000","34,000"
454,CHRISTIAN DIOR,pocket graphics pattern skirt multi,"19,000","29,000"
455,GUCCI,pocket basic pattern slacks ivory,"24,000","34,000"
456,CHANEL,yoke detail flare skirt,"19,000","29,000"
457,CHLOE,high waist leopard skirt multi,"19,000","29,000"
458,AMSALE,one shoulder midi dress violet,"34,000","44,000"
459,ETRO,paisley print pattern H-Line dress brown,"34,000","44,000"
460,SORRY TOO MUCH LOVE,gather flower pattern A-Line dress pink,"34,000","44,000"
461,MAX MARA,belt jacquard pattern coat grey,"39,000","49,000"
462,AMSALE,tube top shirring one shoulder dress,"34,000","44,000"
463,AMSALE,tube top chiffon dress ivory,"39,000","49,000"
464,SORRY TOO MUCH LOVE,button basic pattern blouse pink,"19,000","29,000"
465,VERSACE,unbalance printing blouse black,"19,000","29,000"
466,PRADA,collar point long coat multi,"34,000","44,000"
467,"BRUNELLO CUCINELLI,ADAM LIPPES","button point jeans lavender,round neck knit","38,000","58,000"
468,HUGO BOSS,button basic pattern wool singlebreasted-jacket charcoal,"39,000","49,000"
469,SORRY TOO MUCH LOVE,flower pattern A-Line linen dress red,"29,000","39,000"
470,BURBERRY,pleats check pattern wool skirt green,"24,000","34,000"
471,CHLOE,basic pattern skirt navy,"24,000","34,000"
472,SAINT LAURENT,stud slit denim skirt blue,"24,000","34,000"
473,SORRY TOO MUCH LOVE,ruffle paisley print pattern A-Line dress grey,"29,000","39,000"
474,"JIL SANDER,SJSJ","printing sweat shirt ,fringe detail skirt","39,000","59,000"
475,ESCADA,belt point trench coat green,"34,000","44,000"
476,VERSACE,geometric pattern skirt purple,"24,000","34,000"
477,LOUIS VUITTON,panel midi skirt black,"19,000","29,000"
478,MIU MIU,hoodie basic pattern padding-outer purple,"39,000","49,000"
479,CHLOE,pocket stripe pattern pants grey,"24,000","34,000"
480,MAX MARA,button basic pattern singlebreasted-jacket black,"39,000","49,000"
481,AMSALE,off shoulder maxi dress lavender,"34,000","44,000"
482,MIU MIU,zig zag pattern cardigan multi,"34,000","44,000"
483,VALENTINO,basic pattern A-Line dress black,"39,000","49,000"
484,HUGO BOSS,basic pattern sweater purple,"24,000","34,000"
485,BURBERRY,button check pattern shirts charcoal,"24,000","34,000"
486,HERMES,none collar single button jacket,"34,000","44,000"
487,BURBERRY,check pattern straight skirt,"19,000","29,000"
488,JIL SANDER,modern mood high neck jacket,"34,000","44,000"
489,CHRISTIAN DIOR,pocket check pattern wool skirt black,"19,000","29,000"
490,YVES SAINT LAURENT,button basic pattern H-Line dress orange,"34,000","44,000"
491,SALVATORE FERRAGAMO,basic pattern sweater red,"19,000","29,000"
492,SORRY TOO MUCH LOVE,button basic pattern blouse cream,"19,000","29,000"
493,PRADA,pleats graphics pattern pleats-skirt pink,"24,000","34,000"
494,BURBERRY,printing lettering pattern singlebreasted-coat beige,"39,000","49,000"
495,SORRY TOO MUCH LOVE,button basic pattern blouse beige,"15,000","25,000"
496,YVES SAINT LAURENT,check pattern wool sweater brown,"24,000","34,000"
497,BURBERRY,pleats detail kilt skirts black,"19,000","29,000"
498,MAX MARA,gather flower pattern A-Line dress mustard,"39,000","49,000"
499,ETRO,button paisley print pattern shirts hotpink,"24,000","34,000"
500,MAX MARA,button basic pattern linen shirts red,"24,000","34,000"
501,MAX MARA,slit basic pattern wrap-skirt beige,"24,000","34,000"
502,ETRO,basic pattern wool skirt burgundy,"29,000","39,000"
503,VALENTINO,button basic pattern jacket grey,"34,000","44,000"
504,GUCCI,button basic pattern jacket pink,"39,000","49,000"
505,GIVENCHY,button basic pattern wool blazer black,"39,000","49,000"
506,BURBERRY,pocket basic pattern wool duffle-coat green,"39,000","49,000"
507,BURBERRY,button basic pattern polo-shirts black,"24,000","34,000"
508,LANVIN,flower pattern back zipper skirt,"24,000","34,000"
509,YVES SAINT LAURENT,basic pattern jacket green,"39,000","49,000"
510,CHLOE,pleats basic pattern pleats-skirt black,"19,000","29,000"
511,VIVIENNE WESTWOOD,check pattern ribbon detail shirts,"34,000","44,000"
512,JIL SANDER,basic pattern cashmere sweater violet,"19,000","29,000"
513,HUGO BOSS,button check pattern shirts deeppink,"29,000","39,000"
514,BALMAIN,printing pattern sweat-shirts black,"24,000","34,000"
515,ESCADA,button color block pattern jacket blue,"39,000","49,000"
516,DOLCE & GABBANA,flower pattern slim line dress,"39,000","49,000"
517,MAX MARA,pleats stripe pattern skirt grey,"19,000","29,000"
518,SORRY TOO MUCH LOVE,lace basic pattern blouse black,"29,000","39,000"
519,CHLOE,basic pattern turtle neck turtleneck beige,"24,000","34,000"
520,ESCADA,check pattern wool skirt blue,"24,000","34,000"
521,"JIL SANDER,JIL SANDER","simple three button jacket wine,modern design pants wine","48,000","68,000"
522,DOLCE & GABBANA,printing pattern t-shirts charcoal,"19,000","29,000"
523,PRADA,ruffle ribbon dress black,"34,000","44,000"
524,CHANEL,button basic pattern singlebreasted-jacket grey,"34,000","44,000"
525,DOLCE & GABBANA,printing pattern t-shirts grey,"24,000","34,000"
526,BURBERRY,button basic pattern blazer charcoal,"39,000","49,000"
527,MIU MIU,pin-tuck sleeve v-neck dress pink,"39,000","49,000"
528,SALVATORE FERRAGAMO,button dots pattern shirts ivory,"24,000","34,000"
529,MAX MARA,flower pattern flared-skirt brown,"24,000","34,000"
530,THOM BROWNE,shirts dress,"34,000","44,000"
531,AMSALE,floral shoulder dress ivory,"39,000","49,000"
532,"SYZ,VALENTINO","silky cuffs floral blouse ,silk shirring draped skirt","39,000","59,000"
533,STONE ISLAND,hoodie basic pattern windbreaker blue,"39,000","49,000"
534,BURBERRY,belt basic pattern padding-outer black,"39,000","49,000"
535,CHANEL,button color block pattern cashmere vest,"24,000","34,000"
536,YVES SAINT LAURENT,ruffle stripe pattern blouse multi,"24,000","34,000"
537,ESCADA,pocket basic pattern jacket navy,"39,000","49,000"
538,THOM BROWNE,fringe detail check pattern coat,"34,000","44,000"
539,PRADA,color fur detail coat black,"34,000","44,000"
540,BURBERRY,basic pattern cape white,"39,000","49,000"
541,AMSALE,tube banding dress white,"39,000","49,000"
542,MAX MARA,draping detail raglan sleeve dress,"34,000","44,000"
543,YVES SAINT LAURENT,pocket basic pattern H-Line wool dress black,"34,000","44,000"
544,GIVENCHY,stripe pattern wool slacks black,"24,000","34,000"
545,MAX MARA,tweed pattern skirt grey,"24,000","34,000"
546,"SONIA RYKIEL,CHRISTIAN DIOR","sqaure neck knit top black,vintage knitted skirt","43,000","63,000"
547,AMSALE,v neck ruffle sleeve purple,"34,000","44,000"
548,"O'2ND,CELINE","decorated front raglan blouse,basic wool slacks","39,000","59,000"
549,"CHANEL,CHANEL","button tweed pattern doublebreasted-coat multi,tweed pattern skirt multi","48,000","68,000"
550,YVES SAINT LAURENT,stripe pattern H-Line wool knit-dress green,"34,000","44,000"
551,BURBERRY,embroidery basic pattern t-shirts charcoal,"24,000","34,000"
552,BURBERRY,check pattern skirt green,"24,000","34,000"
553,PRADA,gather basic pattern A-Line dress black,"39,000","49,000"
554,GUCCI,basic jacket black,"34,000","44,000"
555,"MAX MARA,ISABEL MARANT ETOILE","a line check skirt ,punching combed knit","39,000","59,000"
556,PRADA,fur detail slim line single coat,"34,000","44,000"
557,BURBERRY,check piping detail cardigan red,"39,000","49,000"
558,"CHRISTIAN DIOR,CHRISTIAN DIOR","button check pattern jacket grey,check pattern skirt grey","48,000","68,000"
559,YVES SAINT LAURENT,stripe pattern wool sweater charcoal,"19,000","29,000"
560,SORRY TOO MUCH LOVE,gather basic pattern blouse pink,"29,000","39,000"
561,MAX MARA,slit graphics pattern H-Line dress beige,"39,000","49,000"
562,ETRO,button paisley print pattern shirts skyblue,"19,000","29,000"
563,"MINE,BRUNELLO CUCINELLI","stripe fur top,classic slacks","34,000","54,000"
564,VERSACE,unique pattern flare skirt,"24,000","34,000"
565,MIU MIU,punching basic pattern t-shirts white,"19,000","29,000"
566,CHRISTIAN DIOR,button basic pattern doublebreasted-coat navy,"39,000","49,000"
567,"CELINE,CELINE","ribbon tie knit,h line skirt","48,000","68,000"
568,"CELINE,THE CLOZET","check tennis skirt ,v neck cardigan","39,000","59,000"
569,MIU MIU,raglan dress jacket black,"34,000","44,000"
570,CHANEL,basic pattern 3depth navy,"34,000","44,000"
571,PRADA,pleats basic pattern H-Line dress black,"34,000","44,000"
572,ESCADA,basic pattern H-Line dress black,"39,000","49,000"
573,JIL SANDER,low v neck dress bluegreen,"39,000","49,000"
574,PRADA,unique pattern sweater multi,"19,000","29,000"
575,BURBERRY,pleats check pattern wool pleats-skirt khaki,"24,000","34,000"
576,BURBERRY,basic pattern cape white,"39,000","49,000"
577,AMSALE,tube banding dress white,"39,000","49,000"
578,MAX MARA,draping detail raglan sleeve dress,"34,000","44,000"
579,YVES SAINT LAURENT,pocket basic pattern H-Line wool dress black,"34,000","44,000"
580,GIVENCHY,stripe pattern wool slacks black,"24,000","34,000"
581,MAX MARA,tweed pattern skirt grey,"24,000","34,000"
582,"SONIA RYKIEL,CHRISTIAN DIOR","sqaure neck knit top black,vintage knitted skirt","43,000","63,000"
583,AMSALE,v neck ruffle sleeve purple,"34,000","44,000"
584,"O'2ND,CELINE","decorated front raglan blouse,basic wool slacks","39,000","59,000"
585,"CHANEL,CHANEL","button tweed pattern doublebreasted-coat multi,tweed pattern skirt multi","48,000","68,000"
586,YVES SAINT LAURENT,stripe pattern H-Line wool knit-dress green,"34,000","44,000"
587,BURBERRY,embroidery basic pattern t-shirts charcoal,"24,000","34,000"
588,BURBERRY,check pattern skirt green,"24,000","34,000"
589,PRADA,gather basic pattern A-Line dress black,"39,000","49,000"
590,GUCCI,basic jacket black,"34,000","44,000"
591,"MAX MARA,ISABEL MARANT ETOILE","a line check skirt ,punching combed knit","39,000","59,000"
592,PRADA,fur detail slim line single coat,"34,000","44,000"
593,BURBERRY,check piping detail cardigan red,"39,000","49,000"
594,"CHRISTIAN DIOR,CHRISTIAN DIOR","button check pattern jacket grey,check pattern skirt grey","48,000","68,000"
595,YVES SAINT LAURENT,stripe pattern wool sweater charcoal,"19,000","29,000"
596,SORRY TOO MUCH LOVE,gather basic pattern blouse pink,"29,000","39,000"
597,MAX MARA,slit graphics pattern H-Line dress beige,"39,000","49,000"
598,ETRO,button paisley print pattern shirts skyblue,"19,000","29,000"
599,"MINE,BRUNELLO CUCINELLI","stripe fur top,classic slacks","34,000","54,000"
600,VERSACE,unique pattern flare skirt,"24,000","34,000"
601,MIU MIU,punching basic pattern t-shirts white,"19,000","29,000"
602,CHRISTIAN DIOR,button basic pattern doublebreasted-coat navy,"39,000","49,000"
603,"CELINE,CELINE","ribbon tie knit,h line skirt","48,000","68,000"
604,"CELINE,THE CLOZET","check tennis skirt ,v neck cardigan","39,000","59,000"
605,MIU MIU,raglan dress jacket black,"34,000","44,000"
606,CHANEL,basic pattern 3depth navy,"34,000","44,000"
607,PRADA,pleats basic pattern H-Line dress black,"34,000","44,000"
608,ESCADA,basic pattern H-Line dress black,"39,000","49,000"
609,JIL SANDER,low v neck dress bluegreen,"39,000","49,000"
610,PRADA,unique pattern sweater multi,"19,000","29,000"
611,BURBERRY,pleats check pattern wool pleats-skirt khaki,"24,000","34,000"
612,"CHRISTIAN WIJNANTS,GUCCI","color combed knit skirt ,extension sleeve turtle knit","43,000","63,000"
613,MIU MIU,basic pattern H-Line dress red,"39,000","49,000"
614,ISSEY MIYAKE,button basic pattern shirts white,"24,000","34,000"
615,FENDI,pleats check pattern skirt skyblue,"24,000","34,000"
616,CARTIER,basic pattern H-Line dress black,"39,000","49,000"
617,GUCCI,basic pattern turtle neck turtleneck navy,"24,000","34,000"
618,ALEXANDER MCQUEEN,printing pattern t-shirts black,"24,000","34,000"
619,MIU MIU,vintage mood slim collar coat,"34,000","44,000"
620,"DOLCE & GABBANA,DOLCE & GABBANA","single button long linen jacket,basic line linen pants beige","48,000","68,000"
621,VERSACE,button basic pattern jeans black,"24,000","34,000"
622,DOLCE & GABBANA,basic pattern boat neck tube-top black,"24,000","34,000"
623,MAX MARA,button basic pattern blazer black,"39,000","49,000"
624,JIL SANDER,minimal pocket jacket,"34,000","44,000"
625,HUGO BOSS,basic pattern t-shirts navy,"24,000","34,000"
626,LANVIN,banding point jumper skyblue,"34,000","44,000"
627,PRADA,fur texture sleeveless cardigan,"34,000","44,000"
628,CELINE,slit detail pocket detail knit dress,"34,000","44,000"
629,DOLCE & GABBANA,leopard print pattern tank top tank-top brown,"19,000","29,000"
630,DIOR,basic pattern wool skirt black,"24,000","34,000"
631,"EMPORIO ARMANI,PAULE KA","see-through armpit shirring knit,round printing skirt","38,000","58,000"
632,"SANDRO,SALVATORE FERRAGAMO","unique pattern blouse,flare skirt beifge","39,000","59,000"
633,AMSALE,low v-neck trumpet dress white,"34,000","44,000"
634,MIU MIU,embroidery lettering pattern t-shirts black,"24,000","34,000"
635,BURBERRY,button check pattern shirts multi,"24,000","34,000"
636,CHLOE,white color pointed single coat,"34,000","44,000"
637,JIL SANDER,cutout basic pattern H-Line dress black,"34,000","44,000"
638,PRADA,frill basic pattern t-shirts black,"24,000","34,000"
639,PRADA,ruffle detail long coat,"34,000","44,000"
640,DOLCE & GABBANA,slime line single coat black,"34,000","44,000"
641,PRADA,slit basic pattern silk skirt blue,"19,000","29,000"
642,HUGO BOSS,basic pattern unbalance skirt navy,"24,000","34,000"
643,CHLOE,wide collar jacket gray,"34,000","44,000"
644,SACAI,lined lace jacket blouse ivory,"24,000","34,000"
645,ESCADA,princess line single coat brown,"34,000","44,000"
646,DOLCE & GABBANA,flower pattern top brown,"19,000","29,000"
647,ESCADA,basic pattern jacket purple,"39,000","49,000"
648,PRADA,basic pattern t-shirts black,"24,000","34,000"
649,MAX MARA,basic pattern skirt navy,"24,000","34,000"
650,"GIVENCHY,THEORY","peplum boots cut slacks,modern oxford shirt","43,000","63,000"
651,MAX MARA,fur texture one button coat,"34,000","44,000"
652,DOLCE & GABBANA,check pattern long sleeve bustier,"24,000","34,000"
653,BURBERRY,zipper detail pointed jacket beige,"34,000","44,000"
654,YVES SAINT LAURENT,pocket basic pattern linen skirt pink,"19,000","29,000"
655,YVES SAINT LAURENT,slit jacquard pattern skirt bluegreen,"19,000","29,000"
656,BURBERRY,button basic pattern cardigan green,"39,000","49,000"
657,BURBERRY,shawl collar double coat,"34,000","44,000"
658,SACAI,stripe pattern sweat-shirts navy,"24,000","34,000"
659,BURBERRY LONDON,pocket check pattern skirt beige,"19,000","29,000"
660,"EMPORIO ARMANI,EMPORIO ARMANI","seethrough blouse,pattern skirt","43,000","63,000"
661,AMSALE,one shoulder midi dress charcoal,"34,000","44,000"
662,BURBERRY,classic trench coat beige,"34,000","44,000"
663,BURBERRY,double button point coat pink,"34,000","44,000"
664,PRADA,slim silhouette single button coat,"34,000","44,000"
665,MAX MARA,simple design trench coat,"34,000","44,000"
666,MAX MARA,front zipper patterned fur coat,"34,000","44,000"
667,"ETRO,ETRO","paisley print pattern top multi,gather paisley print pattern skirt multi","48,000","68,000"
668,PRADA,pocket basic pattern wool coat black,"39,000","49,000"
669,ISSEY MIYAKE,button basic pattern shirts brown,"24,000","34,000"
670,DOLCE & GABBANA,button basic pattern wool slacks black,"24,000","34,000"
671,CHLOE,button basic pattern coat black,"39,000","49,000"
672,SAINT LAURENT,button basic pattern shirts blue,"24,000","34,000"
673,"ALEXANDER MCQUEEN,LANVIN","pearl sleeve blouse ivory,flare skirt deep khaki","38,000","58,000"
674,YVES SAINT LAURENT,basic pattern wool sweater bluegreen,"19,000","29,000"
675,DOLCE & GABBANA,basic pattern denim-jacket blue,"34,000","44,000"
676,MAX MARA,gather basic pattern A-Line dress blue,"34,000","44,000"
677,MIU MIU,basic pattern flared-skirt gold,"24,000","34,000"
678,BURBERRY,embroidery basic pattern mermaid denim-skirt blue,"24,000","34,000"
679,ISSEY MIYAKE,button basic pattern shirts yellow,"24,000","34,000"
680,MAX MARA,string belted padding jumper pink,"34,000","44,000"
681,FENDI,pocket basic pattern sweat-pants beige,"19,000","29,000"
682,BURBERRY,button basic pattern A-Line dress black,"34,000","44,000"
683,DOLCE & GABBANA,basic pattern top black,"24,000","34,000"
684,CHLOE,roll up basic pattern slacks charcoal,"24,000","34,000"
685,HUGO BOSS,slim half coat black,"34,000","44,000"
686,CHRISTIAN DIOR,button detail skirt black,"19,000","29,000"
687,DIOR,button basic pattern jacket black,"39,000","49,000"
688,YVES SAINT LAURENT,slit basic pattern skirt mustard,"24,000","34,000"
689,ISSEY MIYAKE,basic pattern skirt brown,"24,000","34,000"
690,BURBERRY,ribbon basic pattern A-Line dress black,"39,000","49,000"
691,"YCH,FENDI","feminine military blouse,high waist wide slacks","36,000","56,000"
692,"BALMAIN,TIME","shoulder button pullover ,burnout flare skirt","39,000","59,000"
693,BURBERRY,unique pattern wrap skirt multi,"24,000","34,000"
694,VALENTINO,layered detail trench coat beige,"34,000","44,000"
695,ISSEY MIYAKE,pocket basic pattern pants black,"24,000","34,000"
696,MAX MARA,belt basic pattern wool coat brown,"39,000","49,000"
697,DIOR,pocket basic pattern t-shirts cream,"19,000","29,000"
698,LOUIS VUITTON,pocket basic pattern blouson burgundy,"39,000","49,000"
699,ESCADA,stripe pattern slacks grey,"24,000","34,000"
700,"JIL SANDER,OBZEE","basic cotton shirt,spangles H-line middle skirt","39,000","59,000"
701,AMSALE,shirring sleeveless dress purple,"34,000","44,000"
702,MAX MARA,strap basic pattern wool wrap-coat brown,"39,000","49,000"
703,GIVENCHY,flower pattern H-Line dress multi,"39,000","49,000"
704,CELINE,patterned midi skirt multi,"19,000","29,000"
705,HUGO BOSS,strap basic pattern coat burgundy,"34,000","44,000"
706,BURBERRY,basic pattern sweater beige,"24,000","34,000"
707,"ISSEY MIYAKE,ISSEY MIYAKE","pleats jacket black,pleats sleeveless dress black","58,000","78,000"
708,"YVES SAINT LAURENT,YVES SAINT LAURENT","double button stripe pattern jacket,stripe pattern midi skirt multi","48,000","68,000"
709,"ISSEY MIYAKE,ISSEY MIYAKE","pleats check pattern jacket multi,pleats check pattern unbalance skirt multi","48,000","68,000"
710,VALENTINO,button basic pattern jacket red,"34,000","44,000"
711,MAX MARA,button color block pattern coat black,"39,000","49,000"
712,YVES SAINT LAURENT,pocket basic pattern wool slacks brown,"24,000","34,000"
713,MAX MARA,graphics pattern skirt black,"24,000","34,000"
714,"HUGO BOSS,HUGO BOSS","tailored jacket black,pencil skirt black","48,000","68,000"
715,"ALEXANDER WANG,ALEXANDER MCQUEEN","knit jogger pants ,fringe turtle knit","43,000","63,000"
716,DOLCE & GABBANA,button basic pattern jacket charcoal,"34,000","44,000"
717,BALMAIN,button basic pattern leather-jacket beige,"34,000","44,000"
718,YVES SAINT LAURENT,button basic pattern wool coat black,"39,000","49,000"
719,BURBERRY,basic pattern tank-top khaki,"24,000","34,000"
720,PRADA,high neck crop jumper blue,"39,000","49,000"
721,MAISON MARGIELA,button stripe pattern shirts blue,"24,000","34,000"
722,CHLOE,basic pattern mermaid skirt brown,"24,000","34,000"
723,SALVATORE FERRAGAMO,basic pattern skirt black,"24,000","34,000"
724,MAX MARA,gather basic pattern A-Line dress black,"39,000","49,000"
725,VERSACE,basic pattern knit-vest black,"24,000","34,000"
726,AMSALE,halter neck frill maxi dress pink,"34,000","44,000"
727,GUCCI,leather belt detail coat black,"34,000","44,000"
728,SACAI,layered detail cardigan multi,"19,000","29,000"
729,YVES SAINT LAURENT,basic pattern wool skirt black,"19,000","29,000"
730,BURBERRY,pocket basic pattern balmacaan-jacket navy,"34,000","44,000"
731,DOLCE & GABBANA,pocket stripe pattern wool slacks brown,"24,000","34,000"
732,PRADA,button check pattern wool singlebreasted-jacket brown,"39,000","49,000"
733,"PRADA,EL ESTILO DE CLAIRE","frill cardigan,color block pleats long skirt","36,000","56,000"
734,AMSALE,off shoulder shirring dress white,"34,000","44,000"
735,CHLOE,raglan coat black,"34,000","44,000"
736,"PRADA,HUGO BOSS","waist pintuck pattern shirts skyblue ,cotton slacks navy","48,000","68,000"
737,PRADA,single button modern coat black,"34,000","44,000"
738,VERSACE,button jacquard pattern blazer black,"39,000","49,000"
739,LANVIN,button basic pattern slacks charcoal,"24,000","34,000"
740,LANVIN,embroidery flower pattern bolero navy,"39,000","49,000"
741,ETRO,button geometric pattern shirts multi,"24,000","34,000"
742,PRADA,zipper detail cape padding jumper,"34,000","44,000"
743,VALENTINO,button stripe pattern wool singlebreasted-jacket green,"34,000","44,000"
744,BURBERRY,basic pattern slacks red,"24,000","34,000"
745,DOLCE & GABBANA,lace detail tweed jacket ivory,"39,000","49,000"
746,YVES SAINT LAURENT,button basic pattern wool coat grey,"39,000","49,000"
747,GIVENCHY,button check pattern wool jacket,"34,000","44,000"
748,PRADA,front button check pattern jacket,"34,000","44,000"
749,PRADA,big pocket single breasted coat black,"34,000","44,000"
750,GIVENCHY,basic pattern H-Line wrap-dress black,"39,000","49,000"
751,CELINE,basic pattern skirt beige,"24,000","34,000"
752,BURBERRY,button basic pattern jacket black,"39,000","49,000"
753,"MIU MIU,MIU MIU","stripe sleeveless top,stripe short pants","48,000","68,000"
754,"& OTHER STORIES,DOLCE & GABBANA","high neck lace blouse,bustier dress black","39,000","59,000"
755,CHLOE,side ribbon pocket point jacket,"34,000","44,000"
756,PRADA,high neck crop jumper blue,"39,000","49,000"
757,MAISON MARGIELA,button stripe pattern shirts blue,"24,000","34,000"
758,CHLOE,basic pattern mermaid skirt brown,"24,000","34,000"
759,SALVATORE FERRAGAMO,basic pattern skirt black,"24,000","34,000"
760,MAX MARA,gather basic pattern A-Line dress black,"39,000","49,000"
761,VERSACE,basic pattern knit-vest black,"24,000","34,000"
762,AMSALE,halter neck frill maxi dress pink,"34,000","44,000"
763,GUCCI,leather belt detail coat black,"34,000","44,000"
764,SACAI,layered detail cardigan multi,"19,000","29,000"
765,YVES SAINT LAURENT,basic pattern wool skirt black,"19,000","29,000"
766,BURBERRY,pocket basic pattern balmacaan-jacket navy,"34,000","44,000"
767,DOLCE & GABBANA,pocket stripe pattern wool slacks brown,"24,000","34,000"
768,PRADA,button check pattern wool singlebreasted-jacket brown,"39,000","49,000"
769,"PRADA,EL ESTILO DE CLAIRE","frill cardigan,color block pleats long skirt","36,000","56,000"
770,AMSALE,off shoulder shirring dress white,"34,000","44,000"
771,CHLOE,raglan coat black,"34,000","44,000"
772,"PRADA,HUGO BOSS","waist pintuck pattern shirts skyblue ,cotton slacks navy","48,000","68,000"
773,PRADA,single button modern coat black,"34,000","44,000"
774,VERSACE,button jacquard pattern blazer black,"39,000","49,000"
775,LANVIN,button basic pattern slacks charcoal,"24,000","34,000"
776,LANVIN,embroidery flower pattern bolero navy,"39,000","49,000"
777,ETRO,button geometric pattern shirts multi,"24,000","34,000"
778,PRADA,zipper detail cape padding jumper,"34,000","44,000"
779,VALENTINO,button stripe pattern wool singlebreasted-jacket green,"34,000","44,000"
780,BURBERRY,basic pattern slacks red,"24,000","34,000"
781,DOLCE & GABBANA,lace detail tweed jacket ivory,"39,000","49,000"
782,YVES SAINT LAURENT,button basic pattern wool coat grey,"39,000","49,000"
783,GIVENCHY,button check pattern wool jacket,"34,000","44,000"
784,PRADA,front button check pattern jacket,"34,000","44,000"
785,PRADA,big pocket single breasted coat black,"34,000","44,000"
786,GIVENCHY,basic pattern H-Line wrap-dress black,"39,000","49,000"
787,CELINE,basic pattern skirt beige,"24,000","34,000"
788,BURBERRY,button basic pattern jacket black,"39,000","49,000"
789,"MIU MIU,MIU MIU","stripe sleeveless top,stripe short pants","48,000","68,000"
790,"& OTHER STORIES,DOLCE & GABBANA","high neck lace blouse,bustier dress black","39,000","59,000"
791,CHLOE,side ribbon pocket point jacket,"34,000","44,000"
792,CELINE,diagonal cutting line long coat,"34,000","44,000"
793,THOM BROWNE,white pointed pleats skirt,"19,000","29,000"
794,DOLCE & GABBANA,graphics pattern top charcoal,"19,000","29,000"
795,HUGO BOSS,button basic pattern A-Line pique-dress khaki,"39,000","49,000"
796,MAX MARA,basic pattern coat,"39,000","49,000"
797,SACAI,button stripe pattern shirts blue,"24,000","34,000"
798,HUGO BOSS,stitch pointed coat pink,"34,000","44,000"
799,"DIANE VON FURSTENBERG,PRADA","two pocket skirt brown,turtle neck knit black","38,000","58,000"
800,CHRISTIAN DIOR,button check pattern wool singlebreasted-jacket green,"34,000","44,000"
801,BURBERRY,pleats check pattern wool skirt grey,"24,000","34,000"
802,JIL SANDER,pocket basic pattern doublebreasted-jacket black,"39,000","49,000"
803,HUGO BOSS,basic pattern H-Line dress grey,"39,000","49,000"
804,AMSALE,ribbon detail tube top dress,"39,000","49,000"
805,"CARVEN,CHLOE","lace blouse white,ribbon pleats skirt","43,000","63,000"
806,JIL SANDER,wrap design jacket black,"34,000","44,000"
807,DOLCE & GABBANA,peter pan collar coat black,"34,000","44,000"
808,FENDI,punching dots pattern top orange,"19,000","29,000"
809,PRADA,basic pattern denim-jacket blue,"34,000","44,000"
810,CHRISTIAN DIOR,button color block pattern sweater ivory,"24,000","34,000"
811,HUGO BOSS,check pattern H-Line dress ivory,"39,000","49,000"
812,YVES SAINT LAURENT,suede blouson mustard,"34,000","44,000"
813,ALEXANDER MCQUEEN,belted short jacket cream 1,"34,000","44,000"
814,"LANVIN,OBZEE","front gather shorts,knit collar shimmer blouse","39,000","59,000"
815,DOLCE & GABBANA,lace detail leopard blouse,"19,000","29,000"
816,MAX MARA,tweed mini skirt multi,"19,000","29,000"
817,SORRY TOO MUCH LOVE,ruffle basic pattern blouse black,"29,000","39,000"
818,HUGO BOSS,punching basic pattern skirt brown,"24,000","34,000"
819,TOM FORD,taping detail slit tight skirt,"24,000","34,000"
820,YVES SAINT LAURENT,shoulder point double coat,"34,000","44,000"
821,MAX MARA,square neck cap sleeve t-shirts,"19,000","29,000"
822,ETRO,gather graphics pattern H-Line dress brown,"34,000","44,000"
823,MAX MARA,dots pattern turtle neck turtleneck grey,"24,000","34,000"
824,SACAI,color block pattern turtle neck sweater navy,"24,000","34,000"
825,DOLCE & GABBANA,button jacquard pattern jacket brown,"39,000","49,000"
826,"MAX MARA,BARRIE","chain point denim jean,animal pattern knit top","43,000","63,000"
827,"SALVATORE FERRAGAMO,MAX MARA","sleeveless knit top brown,simple skirt black","48,000","68,000"
828,PRADA,pocket detail single coat gray,"34,000","44,000"
829,LANVIN,stitch basic pattern jeans black,"19,000","29,000"
830,SALVATORE FERRAGAMO,basic pattern A-Line knit-dress black,"39,000","49,000"
831,SORRY TOO MUCH LOVE,button basic pattern blouse white,"29,000","39,000"
832,MAX MARA,button basic pattern jacket black,"39,000","49,000"
833,DOLCE & GABBANA,pocket basic pattern skirt black,"24,000","34,000"
834,"YMC,PRADA","lovely twist knit navy ,waffle knit skirt","39,000","59,000"
835,"EL ESTILO DE CLAIRE,HERMES PETITE H","ruffle off-shoulder stripe blouse,floral pattern silk skirt","39,000","59,000"
836,BALMAIN,double button long coat white,"34,000","44,000"
837,ALEXANDER MCQUEEN,button basic pattern jacket beige,"34,000","44,000"
838,PRADA,pocket basic pattern A-Line dress navy,"34,000","44,000"
839,SORRY TOO MUCH LOVE,basic pattern mermaid skirt blue,"29,000","39,000"
840,VALENTINO,basic pattern skirt beige,"24,000","34,000"
841,JIL SANDER,strap basic pattern coat charcoal,"39,000","49,000"
842,PRADA,button basic pattern singlebreasted-jacket navy,"39,000","49,000"
843,VALENTINO,pocket basic pattern slacks navy,"24,000","34,000"
844,YVES SAINT LAURENT,double button trench coat black,"34,000","44,000"
845,ESCADA,silver button point coat,"34,000","44,000"
846,BURBERRY,check pattern shirt multi,"19,000","29,000"
847,BURBERRY,slit basic pattern skirt brown,"19,000","29,000"
848,MAX MARA,pocket check pattern skirt black,"24,000","34,000"
849,MAX MARA,strap basic pattern wrap-coat black,"39,000","49,000"
850,GUCCI,eyelet denim dress blue,"34,000","44,000"
851,MAX MARA,shawl collar fur detail coat gray,"34,000","44,000"
852,BURBERRY,pin-tuck detail yoke skirt black,"19,000","29,000"
853,ESCADA,gather basic pattern H-Line dress blue,"39,000","49,000"
854,LOUIS VUITTON,power shoulder short jacket,"34,000","44,000"
855,CHANEL,stripe pattern pointed cardigan multi,"39,000","49,000"
856,ISSEY MIYAKE,button basic pattern blouse grey,"19,000","29,000"
857,PRADA,button basic pattern cashmere slacks navy,"24,000","34,000"
858,MAX MARA,stripe pattern skirt multi,"24,000","34,000"
859,PRADA,pocket Quilting pattern padding-outer yellow,"39,000","49,000"
860,BURBERRY,belt basic pattern trench-coat beige,"39,000","49,000"
861,MAX MARA,basic pattern skirt black,"24,000","34,000"
862,"MAX MARA,MICHAA","lettering crew knit ,high waist wool slacks","39,000","59,000"
863,"VIVIENNE WESTWOOD,LANVIN","lettering turtle knit,high-waist straight pants","43,000","63,000"
864,CHLOE,string ribbon blouse black,"19,000","29,000"
865,MAX MARA,fur high neck padding jumper,"34,000","44,000"
866,STONE ISLAND,basic pattern t-shirts navy,"19,000","29,000"
867,BURBERRY,button basic pattern wool singlebreasted-coat khaki,"34,000","44,000"
868,YVES SAINT LAURENT,button check pattern slacks grey,"24,000","34,000"
869,EMPORIO ARMANI,frill basic pattern t-shirts black,"19,000","29,000"
870,GUCCI,waist point slacks,"19,000","29,000"
871,CELINE,basic pattern turtle neck turtleneck pink,"19,000","29,000"
872,CHANEL,brooch check pattern jacket cream,"34,000","44,000"
873,STONE ISLAND,button basic pattern t-shirts coral,"19,000","29,000"
874,CHANEL,button basic pattern skirt black,"24,000","34,000"
875,MARNI,pintuck graphics pattern H-Line dress black,"34,000","44,000"
876,GIVENCHY,button basic pattern wool jacket black,"39,000","49,000"
877,HUGO BOSS,basic pattern skirt black,"24,000","34,000"
878,PRADA,basic pattern A-Line dress ivory,"39,000","49,000"
879,"DOLCE & GABBANA,SANCTUARY","lettering tee black,baggy cargo pants","39,000","59,000"
880,CHRISTIAN DIOR,pleats basic pattern wool pleats-skirt brown,"24,000","34,000"
881,MAX MARA,basic pattern wool coat grey,"39,000","49,000"
882,ALEXANDER MCQUEEN,classic jacket black,"34,000","44,000"
883,AMSALE,halter neck shirring dress charcoal,"34,000","44,000"
884,JIL SANDER,stripe pattern t-shirts,"19,000","29,000"
885,ESCADA,pocket stripe pattern slacks black,"24,000","34,000"
886,MARNI,dots pattern top,"19,000","29,000"
887,MAX MARA,lace beads top,"24,000","34,000"
888,CHRISTIAN DIOR,basic pattern fur-outer black,"24,000","34,000"
889,CHLOE,pleats detail dress black,"34,000","44,000"
890,CHLOE,big lapel double-breasted coat ivory,"34,000","44,000"
891,CHRISTIAN DIOR,vintage blue coat,"39,000","49,000"
892,ETRO,floral ethnic pattern dress pink,"34,000","44,000"
893,AMSALE,spangle one shoulder dress salmon,"39,000","49,000"
894,AMSALE,string halter neck ruffle maxi dress nude,"34,000","44,000"
895,ALEXANDER MCQUEEN,shirring knit dress gray,"34,000","44,000"
896,ALEXANDER MCQUEEN,lace patch chiffon dress black,"34,000","44,000"
897,JIL SANDER,over sized double coat black,"34,000","44,000"
898,MAX MARA,suede collar check jacket brown,"34,000","44,000"
899,CHANEL,high waist wide denim jeans,"19,000","29,000"
900,VALENTINO,lace pointed collar shirt,"19,000","29,000"
901,THOM BROWNE,stripe pattern pointed cardigan,"24,000","34,000"
902,CHANEL,pocket graphics pattern zipup-jumper navy,"49,000","59,000"
903,CHLOE,basic pattern t-shirts white,"19,000","29,000"
904,GUCCI,gold belted drape dress black,"34,000","44,000"
905,THOM BROWNE,oxford basic tee gray,"19,000","29,000"
906,CHRISTIAN DIOR,ribbon draping cap sleeve dress,"39,000","49,000"
907,CHANEL,logo pointed stripe knit top,"19,000","29,000"
908,GUCCI,unbalance draping peplum check dress,"34,000","44,000"
909,THOM BROWNE,basic pattern sweat-shirts grey,"24,000","34,000"
910,FENDI,graphics pattern top,"24,000","34,000"
911,BURBERRY,embroidery basic pattern sweater ivory,"24,000","34,000"
912,CHANEL,pocket basic pattern wool cardigan grey,"39,000","49,000"
913,BURBERRY,lettering pattern t-shirts white,"24,000","34,000"
914,BALMAIN,basic pattern sweat-shirts white,"24,000","34,000"
915,BALMAIN,button basic pattern wool doublebreasted-jacket brown,"39,000","49,000"
916,MAX MARA,strap basic pattern coat pink,"39,000","49,000"
917,CHRISTIAN DIOR,button basic pattern H-Line wool dress pink,"39,000","49,000"
918,ISSEY MIYAKE,pleats basic pattern A-Line dress bluegreen,"39,000","49,000"
919,THOM BROWNE,button basic pattern t-shirts white,"24,000","34,000"
920,ISSEY MIYAKE,pleats graphics pattern unbalance dress,"39,000","49,000"
921,THOM BROWNE,stripe pattern cashmere sweater charcoal,"24,000","34,000"
922,BURBERRY,check pattern wool skirt,"24,000","34,000"
923,SORRY TOO MUCH LOVE,button dots pattern shirts brown,"15,000","25,000"
924,CHANEL,pocket graphics pattern zipup-jumper navy,"49,000","59,000"
925,CHLOE,basic pattern t-shirts white,"19,000","29,000"
926,GUCCI,gold belted drape dress black,"34,000","44,000"
927,THOM BROWNE,oxford basic tee gray,"19,000","29,000"
928,CHRISTIAN DIOR,ribbon draping cap sleeve dress,"39,000","49,000"
929,CHANEL,logo pointed stripe knit top,"19,000","29,000"
930,GUCCI,unbalance draping peplum check dress,"34,000","44,000"
931,THOM BROWNE,basic pattern sweat-shirts grey,"24,000","34,000"
932,FENDI,graphics pattern top,"24,000","34,000"
933,BURBERRY,embroidery basic pattern sweater ivory,"24,000","34,000"
934,CHANEL,pocket basic pattern wool cardigan grey,"39,000","49,000"
935,BURBERRY,lettering pattern t-shirts white,"24,000","34,000"
936,ISSEY MIYAKE,pleats stripe pattern jacket,"39,000","49,000"
937,GUCCI,printing pattern sweat-shirts grey,"24,000","34,000"
938,THOM BROWNE,button stripe pattern singlebreasted-jacket navy,"39,000","49,000"
939,LANVIN,button basic pattern wool jacket black,"39,000","49,000"
940,SACAI,punching basic pattern A-Line dress skyblue,"34,000","44,000"
941,"PRADA,EL ESTILO DE CLAIRE","sleeve cardigan set green,H-line middle leather skirt","39,000","59,000"
942,THOM BROWNE,button stripe pattern wool cardigan black,"39,000","49,000"
943,BURBERRY,pocket check pattern skirt,"24,000","34,000"
944,CHANEL,pocket basic pattern wool fullzip-jacket grey,"39,000","49,000"
945,GUCCI,basic pattern A-Line dress cream,"39,000","49,000"
946,GUCCI,button flower pattern H-Line dress lavender,"39,000","49,000"
947,YVES SAINT LAURENT,basic pattern wool sweater black,"24,000","34,000"
948,GUCCI,pattern pointed a-line skirts,"19,000","29,000"
949,YVES SAINT LAURENT,basic pattern wool sweater red,"19,000","29,000"
950,BALENCIAGA,basic pattern t-shirts grey,"19,000","29,000"
951,CHANEL,crochet detail dress,"34,000","44,000"
952,GUCCI,mixed pattern knit top multi,"24,000","34,000"
953,MAX MARA,stripe pattern H-Line shirt-dress blue,"39,000","49,000"
954,GUCCI,button basic pattern H-Line dress grey,"39,000","49,000"
955,GIVENCHY,front zipper crop jumper black,"39,000","49,000"
956,SACAI,mixed pattern high neck blouse,"19,000","29,000"
957,GUCCI,lettering pattern sweater black,"24,000","34,000"
958,VALENTINO,lace pointed collar shirt,"19,000","29,000"
959,THOM BROWNE,stripe pattern pointed cardigan,"24,000","34,000"
960,CHANEL,pocket graphics pattern zipup-jumper navy,"49,000","59,000"
961,CHLOE,basic pattern t-shirts white,"19,000","29,000"
962,GUCCI,gold belted drape dress black,"34,000","44,000"
963,THOM BROWNE,oxford basic tee gray,"19,000","29,000"
964,CHRISTIAN DIOR,ribbon draping cap sleeve dress,"39,000","49,000"
965,CHANEL,logo pointed stripe knit top,"19,000","29,000"
966,GUCCI,unbalance draping peplum check dress,"34,000","44,000"
967,THOM BROWNE,basic pattern sweat-shirts grey,"24,000","34,000"
968,FENDI,graphics pattern top,"24,000","34,000"
969,BURBERRY,embroidery basic pattern sweater ivory,"24,000","34,000"
970,CHANEL,pocket basic pattern wool cardigan grey,"39,000","49,000"
971,BURBERRY,lettering pattern t-shirts white,"24,000","34,000"
