,0,1,2,3
0,MAX MARA,pocket basic pattern wool cape brown,"39,000","49,000"
1,SALVATORE FERRAGAMO,button graphics pattern wool jacket black,"39,000","49,000"
2,ETRO,paisley print pattern coat ivory,"39,000","49,000"
3,GUCCI,basic pattern skirt black,"24,000","34,000"
4,BOTTEGA VENETA,button graphics pattern cashmere cardigan multi,"24,000","34,000"
5,"O'2ND,GUCCI","embroidery lace skirt charcoal,buckle shirt","39,000","59,000"
6,MAX MARA,button basic pattern jacket grey,"39,000","49,000"
7,BURBERRY,button check pattern wool jacket,"39,000","49,000"
8,"EL ESTILO DE CLAIRE,BALENCIAGA","lettering crew knit ,pumpkin mini skirt","34,000","54,000"
9,"DOLCE & GABBANA,EL ESTILO DE CLAIRE","chic slim skinny ,patterned crew knit","39,000","59,000"
10,HUGO BOSS,tie-dye pattern H-Line dress,"39,000","49,000"
11,JIL SANDER,printing pattern H-Line dress,"39,000","49,000"
12,BALMAIN,button basic pattern wool doublebreasted-jacket black,"39,000","49,000"
13,ISSEY MIYAKE,basic pattern H-Line dress beige,"39,000","49,000"
14,MAX MARA,basic pattern H-Line dress beige,"39,000","49,000"
15,THOM BROWNE,pocket graphics pattern sweat-pants grey,"24,000","34,000"
16,LANVIN,basic pattern H-Line dress navy,"34,000","44,000"
17,SORRY TOO MUCH LOVE,button basic pattern blouse violet,"29,000","39,000"
18,FENDI,basic pattern skirt,"24,000","34,000"
19,BALMAIN,strap basic pattern wool coat black,"39,000","49,000"
20,MIU MIU,pocket basic pattern jacket yellow,"39,000","49,000"
21,BURBERRY,basic pattern sweater skyblue,"24,000","34,000"
22,BURBERRY,button check pattern jacket,"39,000","49,000"
23,BURBERRY,button basic pattern sweater black,"24,000","34,000"
24,DOLCE & GABBANA,pocket basic pattern slacks black,"24,000","34,000"
25,LANVIN,belt basic pattern trench-coat black,"39,000","49,000"
26,SORRY TOO MUCH LOVE,button basic pattern shirts yellow,"29,000","39,000"
27,DOLCE & GABBANA,pocket check pattern singlebreasted-coat,"39,000","49,000"
28,BURBERRY,basic pattern wool sweater grey,"24,000","34,000"
29,BURBERRY,pocket basic pattern wool singlebreasted-jacket grey,"39,000","49,000"
30,SACAI,button basic pattern coat grey,"39,000","49,000"
31,BURBERRY,button basic pattern polo-shirts white,"24,000","34,000"
32,BURBERRY,button check pattern H-Line dress multi,"39,000","49,000"
33,BURBERRY,basic pattern wool sweater black,"24,000","34,000"
34,CHLOE,button basic pattern coat navy,"39,000","49,000"
35,BURBERRY,pocket basic pattern sweat-pants ivory,"24,000","34,000"
36,BURBERRY,button check pattern A-Line shirt-dress multi,"39,000","49,000"
37,BURBERRY,button basic pattern wool sweater grey,"24,000","34,000"
38,JIL SANDER,pocket basic pattern jacket black,"39,000","49,000"
39,HUGO BOSS,strap basic pattern cardigan,"39,000","49,000"
40,BURBERRY,belt basic pattern coat pink,"34,000","44,000"
41,MIU MIU,check pattern skirt grey,"24,000","34,000"
42,YVES SAINT LAURENT,button check pattern wool singlebreasted-jacket brown,"39,000","49,000"
43,BURBERRY,embroidery lettering pattern wool sweater grey,"24,000","34,000"
44,BURBERRY,belt basic pattern trench-coat navy,"39,000","49,000"
45,YVES SAINT LAURENT,pocket check pattern sweater blue,"19,000","29,000"
46,BURBERRY,pocket basic pattern slacks beige,"24,000","34,000"
47,PRADA,gradation color padding jumper,"34,000","44,000"
48,JIL SANDER,basic pattern cashmere sweater grey,"24,000","34,000"
49,BURBERRY,button basic pattern coat brown,"39,000","49,000"
50,BURBERRY,hoodie basic pattern coat navy,"39,000","49,000"
51,BURBERRY,button basic pattern sweat-shirts black,"24,000","34,000"
52,SALVATORE FERRAGAMO,button basic pattern padding-outer ivory,"39,000","49,000"
53,DOLCE & GABBANA,button basic pattern wool jacket charcoal,"39,000","49,000"
54,MAX MARA,button basic pattern wool doublebreasted-coat brown,"39,000","49,000"
55,GUCCI,pocket basic pattern top white,"24,000","34,000"
56,CHANEL,strap basic pattern top black,"24,000","34,000"
57,BURBERRY,belt basic pattern trench-coat red,"39,000","49,000"
58,CELINE,roll up basic pattern slacks black,"24,000","34,000"
59,LOUIS VUITTON,pocket basic pattern slacks burgundy,"24,000","34,000"
60,MAX MARA,pocket graphics pattern cardigan brown,"39,000","49,000"
61,MIU MIU,basic pattern skirt black,"24,000","34,000"
62,BURBERRY,belt basic pattern trench-coat beige,"39,000","49,000"
63,HUGO BOSS,pocket basic pattern shirts white,"19,000","29,000"
64,YVES SAINT LAURENT,button basic pattern coat black,"39,000","49,000"
65,PRADA,pocket basic pattern padding-outer orange,"39,000","49,000"
66,ISSEY MIYAKE,geometric pattern H-Line dress black,"39,000","49,000"
67,BURBERRY,basic pattern wool top black,"24,000","34,000"
68,BURBERRY,pocket basic pattern blouson khaki,"39,000","49,000"
69,GIVENCHY,basic pattern A-Line dress black,"39,000","49,000"
70,SORRY TOO MUCH LOVE,strap check pattern coat indigo,"29,000","39,000"
71,BURBERRY,pleats check pattern wool pleats-skirt,"24,000","34,000"
72,PRADA,hoodie Quilting pattern padding-outer black,"39,000","49,000"
73,BURBERRY,button basic pattern polo-shirts pink,"24,000","34,000"
74,JIL SANDER,shirring detail shirt dress white,"34,000","44,000"
75,PRADA,hood design wind breaker black,"39,000","49,000"
76,BURBERRY,flower pattern skirt,"24,000","34,000"
77,ALEXANDER MCQUEEN,ruffle geometric pattern knit-dress blue,"39,000","49,000"
78,BURBERRY,basic pattern t-shirts black,"24,000","34,000"
79,MIU MIU,leather detail jacket black,"34,000","44,000"
80,DOLCE & GABBANA,button dots pattern shirts,"24,000","34,000"
81,ISSEY MIYAKE,geometric pattern H-Line dress beige,"39,000","49,000"
82,BURBERRY,pocket basic pattern singlebreasted-jacket beige,"39,000","49,000"
83,MAX MARA,button basic pattern slacks black,"24,000","34,000"
84,MARNI,pocket basic pattern coat,"34,000","44,000"
85,HUGO BOSS,button basic pattern coat navy,"39,000","49,000"
86,BURBERRY,basic pattern skirt navy,"24,000","34,000"
87,JIL SANDER,strap basic pattern coat navy,"39,000","49,000"
88,BURBERRY,pocket basic pattern wool coat navy,"39,000","49,000"
89,BURBERRY,pintuck check pattern wool wide-pants brown,"24,000","34,000"
90,FENDI,geometric pattern H-Line dress brown,"39,000","49,000"
91,GIVENCHY,ribbon basic pattern H-Line dress black,"39,000","49,000"
92,BURBERRY,belt leopard print pattern coat black,"39,000","49,000"
93,MAX MARA,basic pattern skirt black,"24,000","34,000"
94,VALENTINO,pocket check pattern singlebreasted-jacket khaki,"39,000","49,000"
95,CELINE,button basic pattern coat brown,"39,000","49,000"
96,MAX MARA,basic pattern H-Line knit-dress,"39,000","49,000"
97,BURBERRY,button basic pattern jacket beige,"39,000","49,000"
98,SAINT LAURENT,button check pattern coat black,"39,000","49,000"
99,BURBERRY,belt check pattern trench-coat beige,"39,000","49,000"
100,MAX MARA,graphics pattern skirt brown,"24,000","34,000"
101,BURBERRY,check pattern skirt,"24,000","34,000"
102,HUGO BOSS,basic pattern t-shirts grey,"24,000","34,000"
103,GIVENCHY,belt graphics pattern coat,"39,000","49,000"
104,BURBERRY,pleats check pattern wool pleats-skirt,"24,000","34,000"
105,THOM BROWNE,roll up basic pattern slacks navy,"24,000","34,000"
106,"ZARA,FENDI","basic shirt,pattern skirt","39,000","59,000"
107,BURBERRY,button basic pattern tank-top black,"24,000","34,000"
